1,Rickert,Sutherington,rsutherington0@globo.com,Male,194.157.165.168,70 Northland Road
2,Alic,Zanioletti,azanioletti1@sakura.ne.jp,Male,113.107.153.119,87907 Carpenter Way
3,Jamil,Pheazey,jpheazey2@ezinearticles.com,Bigender,175.130.10.42,69 Eagle Crest Lane
4,Ryann,Krysztowczyk,rkrysztowczyk3@globo.com,Agender,80.130.254.26,77 Village Green Court
5,Derry,Newey,dnewey4@archive.org,Male,166.0.250.51,6 Haas Parkway
6,Lucas,Cheng,lcheng5@jimdo.com,Male,187.247.97.93,2944 Oneill Parkway
7,Cross,Farrin,cfarrin6@nifty.com,Male,146.206.223.108,0574 Merry Pass
8,Tildi,Vlasenkov,tvlasenkov7@live.com,Female,22.28.59.236,86 Oneill Point
9,Thedric,Melbourne,tmelbourne8@va.gov,Male,230.6.236.6,69457 Toban Pass
10,Duffie,Jeremaes,djeremaes9@netlog.com,Male,205.167.170.155,6385 Judy Park
11,Fairlie,Howieson,fhowiesona@behance.net,Male,40.119.1.206,97 Mallory Plaza
12,Effie,Chanson,echansonb@prnewswire.com,Female,159.131.127.176,96114 Glendale Plaza
13,Benedict,Accum,baccumc@cisco.com,Male,101.230.168.166,107 Butternut Drive
14,Oswald,Gaines,ogainesd@whitehouse.gov,Male,107.238.21.0,145 Mitchell Way
15,Tom,Issett,tissette@flavors.me,Male,191.223.146.86,71 Emmet Terrace
16,Waring,Budik,wbudikf@live.com,Male,168.75.190.110,8 Upham Lane
17,Bertie,Peascod,bpeascodg@sciencedirect.com,Male,163.25.114.0,140 Evergreen Center
18,Reinaldo,Jennrich,rjennrichh@techcrunch.com,Genderfluid,96.14.238.179,3 Northridge Road
19,Basil,Enocksson,benockssoni@latimes.com,Male,11.76.64.241,168 Holy Cross Drive
20,Gerick,Ingreda,gingredaj@blogspot.com,Male,5.82.216.214,1104 Morrow Terrace
21,Matt,Robertot,mrobertotk@meetup.com,Male,190.138.59.55,14104 Chive Point
22,Sinclair,Tarrier,starrierl@typepad.com,Male,188.115.65.218,9722 Beilfuss Court
23,Frankie,Cornwall,fcornwallm@creativecommons.org,Male,217.2.142.221,48 Ilene Plaza
24,Boy,Feldbrin,bfeldbrinn@canalblog.com,Male,255.9.195.214,0 Eggendart Crossing
25,Philip,Gallatly,pgallatlyo@sciencedirect.com,Male,240.171.60.101,81778 Dennis Hill
26,Bert,Cassell,bcassellp@netvibes.com,Male,97.153.59.197,22 Pine View Park
27,Eugene,Bretelle,ebretelleq@github.io,Male,220.74.221.241,55243 Corscot Avenue
28,Grady,Roggers,groggersr@epa.gov,Polygender,38.99.220.115,0626 Vera Hill
29,Brigg,Hamblington,bhamblingtons@indiatimes.com,Genderfluid,178.53.232.185,3481 Buell Park
30,Jodee,Robertshaw,jrobertshawt@pcworld.com,Female,206.140.182.248,31 Scoville Crossing
31,Riobard,Ghion,rghionu@nytimes.com,Male,234.17.93.6,8462 Bluestem Junction
32,Sabina,Stathers,sstathersv@de.vu,Female,171.0.199.229,13194 Muir Trail
33,Ethe,Gleder,eglederw@pagesperso-orange.fr,Male,62.200.167.132,49 Sunbrook Lane
34,Nolan,Becerra,nbecerrax@ted.com,Male,125.220.33.208,38313 Express Point
35,Edlin,O'Fallon,eofallony@xing.com,Male,94.130.68.107,333 Kensington Park
36,Marj,Wickliffe,mwickliffez@economist.com,Female,13.202.49.236,5 1st Pass
37,Bryce,Carrabott,bcarrabott10@xing.com,Male,247.100.29.67,0996 Alpine Pass
38,Quinton,Gallehock,qgallehock11@zdnet.com,Male,236.80.133.131,25329 Sheridan Drive
39,Alastair,Rable,arable12@joomla.org,Male,175.235.47.197,39986 Eagan Pass
40,Corty,Drogan,cdrogan13@nytimes.com,Male,152.165.60.5,78945 Merrick Lane
41,Chantal,Mallam,cmallam14@comsenz.com,Female,111.118.91.49,0407 Boyd Point
42,Debora,Cannam,dcannam15@ning.com,Female,200.113.104.130,80721 Gateway Place
43,Inesita,Wrightham,iwrightham16@w3.org,Female,225.187.191.176,68936 Hovde Parkway
44,Leandra,Kasparski,lkasparski17@seattletimes.com,Female,72.34.236.9,06 Mockingbird Center
45,Dino,Luchetti,dluchetti18@hexun.com,Male,26.186.145.89,92 Oak Court
46,Alvie,Peoples,apeoples19@bloglines.com,Male,172.188.80.163,68407 Columbus Court
47,Lizzy,Hasney,lhasney1a@pbs.org,Female,180.185.84.138,172 Muir Circle
48,Milka,Aspenlon,maspenlon1b@vk.com,Female,215.115.182.197,727 Stoughton Terrace
49,Nelie,Andrey,nandrey1c@soundcloud.com,Female,83.226.195.61,59 Charing Cross Parkway
50,Hattie,Lamb-shine,hlambshine1d@ebay.co.uk,Female,132.196.81.86,89169 Butterfield Drive
51,Margalo,Canny,mcanny1e@huffingtonpost.com,Female,163.149.61.250,79 Graedel Street
52,Halley,Formigli,hformigli1f@omniture.com,Female,52.189.10.100,58 Pierstorff Point
53,Gasparo,Redmile,gredmile1g@walmart.com,Male,129.73.209.185,324 Beilfuss Junction
54,Nester,Napthine,nnapthine1h@icio.us,Male,36.148.97.62,9 Annamark Way
55,Ula,Sanger,usanger1i@mediafire.com,Female,191.122.202.119,51 Canary Court
56,Galvin,Beavers,gbeavers1j@un.org,Male,180.152.180.250,24 Spenser Point
57,Peria,Roy,proy1k@slashdot.org,Female,117.116.63.91,3 Pond Way
58,Bryce,Bridgnell,bbridgnell1l@jimdo.com,Male,99.170.0.21,1 Ludington Crossing
59,Reginauld,Martyntsev,rmartyntsev1m@nba.com,Male,150.52.143.171,24070 Delladonna Center
60,Ikey,Bly,ibly1n@nps.gov,Male,73.164.201.172,52422 Pankratz Crossing
61,Siouxie,Chuter,schuter1o@t-online.de,Female,205.63.14.232,31305 International Center
62,Shawna,Rosenbaum,srosenbaum1p@newsvine.com,Female,127.104.200.58,0241 Garrison Lane
63,Sybila,Elcock,selcock1q@comcast.net,Female,145.88.145.92,34 Shoshone Center
64,Julieta,Bothie,jbothie1r@freewebs.com,Female,52.144.145.212,2806 Golf View Court
65,Benedetta,Di Matteo,bdimatteo1s@mapquest.com,Female,2.16.19.79,5511 Declaration Hill
66,Panchito,Fruish,pfruish1t@virginia.edu,Male,216.189.216.127,8 Macpherson Road
67,Sandra,Embling,sembling1u@deliciousdays.com,Female,188.133.41.154,578 Dexter Place
68,Shelley,Losseljong,slosseljong1v@alibaba.com,Female,199.177.173.199,9895 Dunning Center
69,Dianne,Whatman,dwhatman1w@list-manage.com,Female,219.95.43.42,5275 Karstens Street
70,Gianna,Henderson,ghenderson1x@ebay.co.uk,Female,198.234.248.83,047 Northridge Lane
71,Leonore,Sorby,lsorby1y@tripod.com,Female,205.243.233.27,30661 Valley Edge Lane
72,Isahella,de Wilde,idewilde1z@imdb.com,Female,19.68.187.12,8802 Warner Pass
73,Nikolia,Stood,nstood20@sourceforge.net,Female,172.200.204.176,6841 Shoshone Circle
74,Ellary,Errington,eerrington21@4shared.com,Male,11.147.109.15,2 Atwood Junction
75,Thea,Filipiak,tfilipiak22@etsy.com,Female,128.125.37.126,1 Drewry Court
76,Dory,Lampaert,dlampaert23@facebook.com,Male,87.27.237.89,5011 Superior Circle
77,Denney,Palmby,dpalmby24@livejournal.com,Male,116.128.8.14,35694 Sugar Parkway
78,Fleming,Kassidy,fkassidy25@shinystat.com,Polygender,33.1.237.173,9 Tennyson Park
79,Elmer,Guerri,eguerri26@cargocollective.com,Male,12.191.116.207,65 Burning Wood Pass
80,Brook,Poure,bpoure27@sogou.com,Female,3.122.216.158,938 Superior Hill
81,Granger,De la Zenne,gdelazenne28@npr.org,Male,251.24.45.151,637 Pleasure Court
82,Alexine,Cracker,acracker29@gov.uk,Female,228.22.75.76,08 Pankratz Pass
83,Hersh,Hinder,hhinder2a@vistaprint.com,Male,223.235.233.226,924 Grim Drive
84,Leela,Lavrinov,llavrinov2b@economist.com,Female,145.40.222.66,5 Londonderry Crossing
85,Hiram,Terbrugge,hterbrugge2c@alexa.com,Male,95.76.41.249,04 Boyd Crossing
86,Corine,Akast,cakast2d@t-online.de,Female,1.29.207.232,647 Hovde Avenue
87,Mela,Bridge,mbridge2e@webnode.com,Female,10.104.57.170,395 Shoshone Parkway
88,Carleen,Reary,creary2f@exblog.jp,Female,111.102.241.31,6 Reinke Trail
89,Garold,Ruter,gruter2g@plala.or.jp,Male,35.191.95.163,15 Nobel Street
90,Reider,Lednor,rlednor2h@surveymonkey.com,Male,77.79.66.167,98 Rutledge Avenue
91,Thomasin,Westgarth,twestgarth2i@google.fr,Female,60.120.170.129,55762 Parkside Junction
92,Veda,Pigford,vpigford2j@google.ca,Female,217.200.65.234,027 Thackeray Court
93,Morgan,Eyam,meyam2k@typepad.com,Genderfluid,113.57.217.208,33755 Goodland Lane
94,Cordie,Zoellner,czoellner2l@com.com,Male,44.133.157.154,3730 Namekagon Plaza
95,Dode,Gero,dgero2m@1688.com,Female,226.0.63.25,93 Nova Circle
96,Shalne,Howgego,showgego2n@berkeley.edu,Female,220.108.227.4,38 Wayridge Hill
97,Guy,Leithgoe,gleithgoe2o@netvibes.com,Bigender,74.141.43.30,91342 Sherman Point
98,Elinor,Gooble,egooble2p@cbslocal.com,Bigender,154.6.254.112,65164 Macpherson Pass
99,Benedikt,Woolfenden,bwoolfenden2q@mysql.com,Male,252.94.207.251,68897 Basil Point
100,Joni,Frankowski,jfrankowski2r@oracle.com,Female,31.54.60.154,91 Reinke Parkway
101,Vilma,Bartelot,vbartelot2s@google.com.hk,Genderfluid,149.223.213.143,3 Lukken Pass
102,Waldo,Jancic,wjancic2t@goo.gl,Male,181.142.91.49,2722 Rowland Terrace
103,West,Tinn,wtinn2u@wunderground.com,Male,14.238.213.193,04 Maryland Alley
104,Durante,Newarte,dnewarte2v@themeforest.net,Male,208.197.223.168,9617 Orin Park
105,Noe,Speariett,nspeariett2w@answers.com,Male,252.77.210.107,7971 Susan Park
106,Dale,Dressel,ddressel2x@uiuc.edu,Male,237.234.70.217,9663 8th Alley
107,Percy,Dunnett,pdunnett2y@time.com,Male,129.229.12.58,55997 Namekagon Plaza
108,Ingar,Lacasa,ilacasa2z@newyorker.com,Agender,28.185.187.31,825 Jenifer Hill
109,Pearl,Dundredge,pdundredge30@europa.eu,Female,189.242.45.116,2204 Nova Place
110,Hedvige,Mindenhall,hmindenhall31@statcounter.com,Female,117.157.19.26,127 Weeping Birch Junction
111,Jae,Bratton,jbratton32@cafepress.com,Polygender,147.114.66.10,0 Toban Circle
112,Susanetta,McTurley,smcturley33@bandcamp.com,Female,7.250.112.163,960 Hermina Terrace
113,Donia,Corneljes,dcorneljes34@google.fr,Polygender,96.54.170.57,130 Wayridge Plaza
114,Candice,Bullingham,cbullingham35@reuters.com,Female,198.46.123.190,8 Meadow Ridge Terrace
115,Zarla,Crawford,zcrawford36@1und1.de,Female,101.27.170.30,85 Bartelt Avenue
116,Linn,Budnik,lbudnik37@zdnet.com,Female,153.146.89.16,7551 Butterfield Street
117,Bondie,Larraway,blarraway38@e-recht24.de,Male,149.238.191.252,614 Dahle Lane
118,Berty,Risborough,brisborough39@istockphoto.com,Female,127.127.126.236,3917 Wayridge Point
119,Tanner,Ferrini,tferrini3a@walmart.com,Male,27.14.230.71,0527 Vahlen Court
120,Veronique,Retallick,vretallick3b@businessinsider.com,Female,195.74.252.42,32189 Hovde Way
121,Tersina,Leeder,tleeder3c@wikimedia.org,Female,214.104.13.174,457 Sachs Lane
122,Donielle,Northwood,dnorthwood3d@ovh.net,Bigender,9.86.144.230,2 Carpenter Hill
123,George,Pickrill,gpickrill3e@geocities.jp,Male,123.20.120.250,82 Memorial Street
124,Nissy,Workes,nworkes3f@dell.com,Female,146.255.15.120,097 La Follette Point
125,Guthry,Bonifas,gbonifas3g@japanpost.jp,Male,97.158.40.34,0 Grover Lane
126,Allissa,Karby,akarby3h@lycos.com,Female,93.233.64.68,5 Loftsgordon Street
127,Sandro,Tollet,stollet3i@gizmodo.com,Male,40.193.41.140,7 Iowa Plaza
128,Ernestine,Gargett,egargett3j@barnesandnoble.com,Female,27.185.244.22,693 Victoria Parkway
129,Desdemona,Stower,dstower3k@usa.gov,Female,111.62.85.218,9 Pierstorff Plaza
130,Nina,Sanpere,nsanpere3l@ca.gov,Female,89.52.175.139,758 Lotheville Trail
131,Riki,Blayd,rblayd3m@mlb.com,Female,231.136.30.97,65 Lien Hill
132,Adara,Helm,ahelm3n@vkontakte.ru,Non-binary,152.3.191.36,6782 Cody Court
133,Nanci,Blackah,nblackah3o@webnode.com,Female,66.85.110.128,88 Sutteridge Plaza
134,Paxon,Myton,pmyton3p@elpais.com,Male,197.246.71.88,86 Clove Center
135,Felipa,Sheahan,fsheahan3q@statcounter.com,Female,247.208.31.248,76 Vidon Lane
136,Saundra,Greasty,sgreasty3r@google.de,Female,16.150.203.170,06065 Old Gate Trail
137,Ruby,Saldler,rsaldler3s@simplemachines.org,Male,178.139.215.196,488 Dwight Street
138,Lamond,Nolton,lnolton3t@netscape.com,Male,203.252.72.217,0 Schlimgen Drive
139,Elvin,Gresser,egresser3u@ovh.net,Male,32.175.244.120,7072 Lakeland Park
140,Christine,M'Chirrie,cmchirrie3v@de.vu,Female,170.177.173.204,621 Welch Way
141,Darb,Highton,dhighton3w@fastcompany.com,Male,132.75.241.6,1479 Commercial Way
142,Jsandye,Shackleford,jshackleford3x@fda.gov,Female,113.242.231.95,74 Hintze Plaza
143,Pinchas,Durward,pdurward3y@businessinsider.com,Male,224.181.158.179,4 Florence Plaza
144,Farleigh,Littleproud,flittleproud3z@sciencedaily.com,Male,124.105.81.236,2 Fallview Junction
145,Tobe,Busk,tbusk40@psu.edu,Female,227.7.237.235,6 Anniversary Lane
146,Antons,Caustic,acaustic41@auda.org.au,Male,173.132.94.246,0 Briar Crest Avenue
147,Olivia,Kynnd,okynnd42@facebook.com,Female,97.81.37.101,2819 Washington Lane
148,Merrily,Freemantle,mfreemantle43@creativecommons.org,Female,249.6.218.61,7522 Burning Wood Place
149,Cherin,Slyde,cslyde44@cam.ac.uk,Non-binary,172.12.16.111,13 Fair Oaks Way
150,Osbourn,O'Kuddyhy,ookuddyhy45@homestead.com,Male,159.137.226.116,30535 Badeau Way
151,Nevsa,Shewring,nshewring46@multiply.com,Female,165.66.213.229,00876 Straubel Place
152,Emery,Duthie,eduthie47@deviantart.com,Male,13.34.170.21,63 Derek Center
153,Temple,Haskell,thaskell48@e-recht24.de,Male,120.192.222.87,0 Tomscot Way
154,Gerik,Dearan,gdearan49@youtu.be,Male,182.211.36.206,6 Toban Drive
155,Louis,Hankard,lhankard4a@mashable.com,Male,64.243.47.41,21 Loomis Place
156,Godart,Zuann,gzuann4b@google.pl,Male,200.243.85.207,4 Melby Avenue
157,Bartholomew,O'Donohue,bodonohue4c@prweb.com,Male,220.27.116.187,07 Mesta Terrace
158,Ferguson,Jenking,fjenking4d@goo.gl,Male,92.21.74.62,9 Elmside Park
159,Martie,Bruhnicke,mbruhnicke4e@wikispaces.com,Female,246.167.199.24,696 Alpine Way
160,Julianna,Elner,jelner4f@boston.com,Female,127.3.216.208,3 Novick Court
161,Bendick,Klaesson,bklaesson4g@ucla.edu,Male,39.16.174.178,4906 Pierstorff Crossing
162,Maximilian,Washtell,mwashtell4h@fda.gov,Male,28.86.38.34,05230 Nancy Plaza
163,Sigismund,Hurleston,shurleston4i@sciencedirect.com,Male,109.253.52.131,15 Starling Pass
164,Jethro,Tamblingson,jtamblingson4j@trellian.com,Male,148.41.180.49,88279 Forest Dale Trail
165,Adrea,Peirce,apeirce4k@pen.io,Genderfluid,197.146.39.223,7119 Arrowood Road
166,Hank,Trangmar,htrangmar4l@prnewswire.com,Male,218.157.226.249,1 Birchwood Crossing
167,Collete,Seebert,cseebert4m@microsoft.com,Female,246.196.227.47,469 Hallows Trail
168,Eba,Ducket,educket4n@ebay.co.uk,Female,116.240.19.221,22088 Utah Circle
169,Aubree,Leser,aleser4o@naver.com,Female,0.203.141.15,2 Tomscot Drive
170,Blythe,Layhe,blayhe4p@naver.com,Female,162.27.217.3,543 Annamark Place
171,Cynde,Bogeys,cbogeys4q@webeden.co.uk,Female,71.157.210.82,77 Ronald Regan Point
172,Brooks,Tennewell,btennewell4r@ning.com,Male,229.123.16.251,42661 Shasta Way
173,Pasquale,Stuck,pstuck4s@walmart.com,Male,168.180.133.85,2133 Sommers Park
174,Janean,Sneezem,jsneezem4t@netlog.com,Female,56.210.225.106,4043 Carioca Street
175,Sigfrid,Childes,schildes4u@phoca.cz,Male,70.74.27.164,269 Sunnyside Center
176,Gunter,Cockram,gcockram4v@google.com,Male,28.22.101.159,84 Eastwood Terrace
177,Arri,Cruddace,acruddace4w@google.co.jp,Male,109.201.109.1,0512 Hovde Drive
178,Madeleine,Gover,mgover4x@joomla.org,Female,106.180.205.119,76625 Susan Road
179,Dodi,Knifton,dknifton4y@auda.org.au,Female,248.67.115.57,9 Londonderry Road
180,Siward,Restorick,srestorick4z@skyrock.com,Male,139.143.125.173,85004 Sutteridge Plaza
181,Ines,Boxhall,iboxhall50@oaic.gov.au,Female,70.210.46.126,459 Bay Pass
182,Kalle,Tenpenny,ktenpenny51@mapy.cz,Male,171.35.35.161,19718 Logan Way
183,Bendicty,Gerrets,bgerrets52@linkedin.com,Male,115.173.176.218,32 Warner Terrace
184,Mechelle,Cail,mcail53@xing.com,Female,28.88.195.178,74 Garrison Alley
185,Renata,Jarmyn,rjarmyn54@irs.gov,Female,54.52.101.141,63 Dawn Circle
186,Cozmo,Saterthwait,csaterthwait55@homestead.com,Male,93.195.52.229,9979 Hooker Crossing
187,Van,Kinig,vkinig56@gov.uk,Female,235.89.166.160,55 Morningstar Terrace
188,Ekaterina,Ashmole,eashmole57@netscape.com,Female,100.144.84.1,83295 Jenna Plaza
189,Billie,Gubbins,bgubbins58@uol.com.br,Male,243.151.209.88,700 Hollow Ridge Street
190,Emalia,Reveland,ereveland59@lycos.com,Female,181.101.150.57,599 Schmedeman Parkway
191,Adelaida,Gregoire,agregoire5a@surveymonkey.com,Female,134.122.116.135,494 Tennyson Trail
192,Breanne,Franseco,bfranseco5b@ezinearticles.com,Female,186.118.146.9,92 Nevada Court
193,Mariana,Heibl,mheibl5c@ustream.tv,Bigender,25.196.219.250,6908 Dwight Road
194,Baxie,Gowdridge,bgowdridge5d@nature.com,Male,204.128.27.96,164 Johnson Park
195,Barney,Marshman,bmarshman5e@cnn.com,Male,204.96.184.213,15 Sheridan Court
196,Marya,Hessel,mhessel5f@vkontakte.ru,Non-binary,189.250.29.9,229 Autumn Leaf Junction
197,Tanitansy,O'Cridigan,tocridigan5g@scribd.com,Female,22.251.102.222,30388 Kipling Pass
198,Nils,Lerer,nlerer5h@yandex.ru,Male,209.108.29.15,1879 Lakeland Crossing
199,Tommy,Suarez,tsuarez5i@cdc.gov,Male,166.204.119.91,248 Loftsgordon Lane
200,Ara,Thurman,athurman5j@last.fm,Male,25.30.170.78,69 Tennyson Pass